INSERT INTO email (email) VALUES
('alice.wonderland@story.com'),
('harry.potter@magic.net'),
('hermione.granger@hogwarts.edu'),
('ron.weasley@wizard.org'),
('peter.griffin@familyguy.tv'),
('lois.griffin@quahog.co'),
('stewie.genius@babyprodigy.net'),
('brian.dog@talkingcanine.com'),
('homer.simpson@springfield.com'),
('marge.simpson@bluehair.net'),
('bart.simpson@prankster.org'),
('lisa.simpson@saxophone.edu'),
('maggie.simpson@pacifier.co'),
('ned.flanders@diddly.net'),
('montgomery.burns@powerplant.com'),
('smithers.assistant@springfieldindustries.com'),
('krusty.clown@tvshow.org'),
('sideshow.bob@villain.net'),
('milhouse.vanhouten@friend.edu'),
('moe.szlack@tavernowner.com');


INSERT INTO phone (phone_no) VALUES
('+1234567890'),
('+2345678901'),
('+3456789012'),
('+4567890123'),
('+5678901234'),
('+6789012345'),
('+7890123456'),
('+8901234567'),
('+9012345678'),
('+0123456789'),
('+1123456789'),
('+2123456789'),
('+3123456789'),
('+4123456789'),
('+5123456789'),
('+6123456789'),
('+7123456789'),
('+8123456789'),
('+9123456789'),
('+1012345678');


INSERT INTO instruments (instrument_type, brand, rent_fee) VALUES
('Guitar', 'Fender', '15.00'),
('Guitar', 'Gibson', '20.00'),
('Piano', 'Yamaha', '30.00'),
('Piano', 'Steinway', '40.00'),
('Violin', 'Stradivarius', '25.00'),
('Violin', 'Stentor', '10.00'),
('Drums', 'Pearl', '35.00'),
('Drums', 'Ludwig', '30.00'),
('Flute', 'Yamaha', '10.00'),
('Flute', 'Gemeinhardt', '12.00'),
('Saxophone', 'Selmer', '22.00'),
('Saxophone', 'Yamaha', '20.00'),
('Trumpet', 'Bach', '15.00'),
('Trumpet', 'Yamaha', '18.00'),
('Cello', 'DAddario', '28.00'),
('Cello', 'Yamaha', '26.00'),
('Clarinet', 'Buffet Crampon', '12.00'),
('Clarinet', 'Yamaha', '14.00'),
('Harp', 'Lyon & Healy', '50.00'),
('Harp', 'Salvi', '45.00');


INSERT INTO price_category (lesson_type_fee, instructor_salary, sibling_discount, skill_level_fee) VALUES
(50, 30, 5, 10),
(60, 35, 5, 12),
(55, 32, 6, 11),
(65, 40, 7, 13),
(70, 45, 8, 15),
(75, 50, 10, 18),
(80, 55, 10, 20),
(85, 60, 12, 22),
(90, 65, 15, 25),
(95, 70, 15, 27),
(100, 75, 18, 30),
(105, 80, 20, 33),
(110, 85, 20, 35),
(115, 90, 25, 38),
(120, 95, 25, 40),
(125, 100, 30, 42),
(130, 105, 30, 45),
(135, 110, 35, 47),
(140, 115, 35, 50),
(145, 120, 40, 52);

INSERT INTO studio (studio_id, street, zip, city, description, available_times) VALUES
('STUDIO001', '123 Maple Street', '12345', 'Springfield', 'Large studio with modern equipment', 'Weekdays: 9am9pm'),
('STUDIO002', '456 Oak Avenue', '23456', 'Riverdale', 'Cozy studio suitable for small groups', 'Weekdays: 10am8pm'),
('STUDIO003', '789 Pine Road', '34567', 'Hilltop', 'Spacious studio with natural lighting', 'Weekends: 10am6pm'),
('STUDIO004', '101 Birch Lane', '45678', 'Sunnyvale', 'Ideal for dance and aerobic classes', 'Everyday: 8am10pm'),
('STUDIO005', '202 Elm Street', '56789', 'Greenwood', 'Fully equipped music recording studio', 'Mon, Wed, Fri: 10am6pm'),
('STUDIO006', '303 Cedar Blvd', '67890', 'Fairview', 'Art studio with inspiring environment', 'Tue, Thu: 9am5pm'),
('STUDIO007', '404 Spruce Way', '78901', 'Lakeside', 'Photography studio with highend gear', 'Weekends: 11am7pm'),
('STUDIO008', '505 Willow Drive', '89012', 'Seaside', 'Multipurpose studio for various arts', 'Weekdays: 9am8pm'),
('STUDIO009', '606 Aspen Court', '90123', 'Ridgemont', 'Quiet studio perfect for writers and designers', 'MonFri: 8am6pm'),
('STUDIO010', '707 Redwood Terrace', '01234', 'Mountainview', 'Modern dance studio with mirrored walls', 'Everyday: 7am9pm'),
('STUDIO011', '808 Magnolia Path', '12340', 'Westwood', 'Studio with stateoftheart sound system', 'Weekends: 9am5pm'),
('STUDIO012', '909 Palm Circle', '23450', 'Eastwood', 'Bright and airy studio for yoga classes', 'Mon, Wed, Fri: 7am8pm'),
('STUDIO013', '1010 Fir Avenue', '34560', 'Northside', 'Artistic space with diverse cultural events', 'Tue, Thu: 10am7pm'),
('STUDIO014', '1111 Hemlock Street', '45670', 'Southside', 'Elegant studio ideal for photo shoots', 'Everyday: 9am8pm'),
('STUDIO015', '1212 Cypress Lane', '56780', 'Bayview', 'Creative workshop space for DIY crafts', 'Weekdays: 8am6pm'),
('STUDIO016', '1313 Alder Road', '67890', 'Cliffside', 'Dedicated film and editing studio', 'Weekends: 10am10pm'),
('STUDIO017', '1414 Sequoia Blvd', '78901', 'Meadowland', 'Fitness studio with a range of equipment', 'Everyday: 6am11pm'),
('STUDIO018', '1515 Hawthorn Path', '89012', 'Brookdale', 'Culinary studio for cooking classes', 'MonSat: 10am8pm'),
('STUDIO019', '1616 Dogwood Drive', '90123', 'Lakewood', 'Sculpture studio with outdoor space', 'Tue, Thu, Sat: 9am7pm'),
('STUDIO020', '1717 Maple Parkway', '10234', 'Riverbend', 'Multipurpose space for workshops and meetings', 'Weekdays: 9am5pm');


INSERT INTO person (person_number, first_name, last_name, age, street, zip, city, phone_id, email_id) VALUES
('8607150001', 'John', 'Doe', 37, '123 Maple St', '12345', 'Springfield', 1, 1),  
('9203100002', 'Jane', 'Smith', 31, '456 Oak Ave', '23456', 'Riverdale', 2, 2),  
('8705010003', 'Michael', 'Jordan', 36, '789 Pine Rd', '34567', 'Hilltop', 3, 3),  
('8812120004', 'Sarah', 'Connor', 35, '101 Birch Ln', '45678', 'Sunnyvale', 4, 4),  
('8510070005', 'Alex', 'Mercer', 38, '202 Elm St', '56789', 'Greenwood', 5, 5),  
('9001230006', 'Emily', 'Blunt', 33, '303 Cedar Blvd', '67890', 'Fairview', 6, 6),
('8911170007', 'David', 'Beckham', 34, '404 Spruce Way', '78901', 'Lakeside', 7, 7), 
('9304020008', 'Lisa', 'Black', 30, '505 Willow Dr', '89012', 'Seaside', 8, 8),  
('9408230009', 'Peter', 'Parker', 29, '606 Aspen Ct', '90123', 'Ridgemont', 9, 9), 
('8605280010', 'Bruce', 'Wayne', 37, '707 Redwood Ter', '01234', 'Mountainview', 10, 10),  
('8707110011', 'Clark', 'Kent', 36, '808 Magnolia Path', '12340', 'Westwood', 11, 11),  
('8809040012', 'Diana', 'Prince', 35, '909 Palm Cir', '23450', 'Eastwood', 12, 12),  
('8503180013', 'Barry', 'Allen', 38, '1010 Fir Ave', '34560', 'Northside', 13, 13), 
('9106100014', 'Oliver', 'Queen', 32, '1111 Hemlock St', '45670', 'Southside', 14, 14),  
('9202280015', 'Hal', 'Jordan', 31, '1212 Cypress Ln', '56780', 'Bayview', 15, 15), 
('8810300016', 'Arthur', 'Curry', 35, '1313 Alder Rd', '67890', 'Cliffside', 16, 16),  
('9305010017', 'Victor', 'Stone', 30, '1414 Sequoia Blvd', '78901', 'Meadowland', 17, 17),  
('9207160018', 'Billy', 'Batson', 31, '1515 Hawthorn Path', '89012', 'Brookdale', 18, 18),  
('8712230019', 'John', 'Stewart', 36, '1616 Dogwood Dr', '90123', 'Lakewood', 19, 19),  
('8812230020', 'Max', 'Stigded', 35, '13254 Balla Hill', '95624', 'Danangd', 20, 20); 

INSERT INTO student (person_id) VALUES
(1), (2), (3), (4), (5), (6), (7), (8), (9), (10),
(11), (12), (13), (14), (15), (16), (17), (18), (19), (20);



INSERT INTO instructor (person_id, employment_id) VALUES
(1, 'EMP00001'),
(2, 'EMP00002'),
(3, 'EMP00003'),
(4, 'EMP00004'),
(5, 'EMP00005'),
(6, 'EMP00006'),
(7, 'EMP00007'),
(8, 'EMP00008'),
(9, 'EMP00009'),
(10, 'EMP00010'),
(11, 'EMP00011'),
(12, 'EMP00012'),
(13, 'EMP00013'),
(14, 'EMP00014'),
(15, 'EMP00015'),
(16, 'EMP00016'),
(17, 'EMP00017'),
(18, 'EMP00018'),
(19, 'EMP00019'),
(20, 'EMP00020');

INSERT INTO instruments_type (instrument_teaches_type, instructor_id) VALUES
('Piano', 1),
('Guitar', 2),
('Violin', 3),
('Drums', 4),
('Flute', 5),
('Saxophone', 6),
('Cello', 7),
('Clarinet', 8),
('Trumpet', 9),
('Harp', 10),
('Piano', 11),
('Guitar', 12),
('Violin', 13),
('Drums', 14),
('Flute', 15),
('Saxophone', 16),
('Cello', 17),
('Clarinet', 18),
('Trumpet', 19),
('Harp', 20);




INSERT INTO lesson (
    price_id, 
    studio_id, 
    instrument_type, 
    min_of_students, 
    max_of_students, 
    amount_of_students, 
    time, 
    target_genre, 
    student_id, 
    lesson_type, 
    skill_level
) VALUES
(1, 'STUDIO001', 'Piano', 1, 4, 2, '2023-01-15 10:00:00', 'Classical', 1, 'Individual', 'Beginner'),
(2, 'STUDIO002', 'Violin', 2, 5, 3, '2023-01-16 11:00:00', 'Jazz', 2, 'Group', 'Intermediate'),
(3, 'STUDIO003', 'Guitar', 3, 6, 4, '2023-01-17 12:00:00', 'Blues', 3, 'Ensemble', 'Advanced'),
(4, 'STUDIO004', 'Flute', 2, 4, 2, '2023-01-18 13:00:00', 'Folk', 4, 'Individual', 'Beginner'),
(5, 'STUDIO005', 'Drums', 1, 3, 1, '2023-01-19 14:00:00', 'Rock', 5, 'Group', 'Intermediate'),
(6, 'STUDIO006', 'Cello', 2, 4, 3, '2023-01-20 10:00:00', 'Classical', 6, 'Ensemble', 'Advanced'),
(7, 'STUDIO007', 'Saxophone', 1, 4, 2, '2023-01-21 11:00:00', 'Jazz', 7, 'Individual', 'Beginner'),
(8, 'STUDIO008', 'Trumpet', 2, 5, 4, '2023-01-22 12:00:00', 'Blues', 8, 'Group', 'Intermediate'),
(9, 'STUDIO009', 'Harp', 2, 4, 3, '2023-01-23 13:00:00', 'Classical', 9, 'Ensemble', 'Advanced'),
(10, 'STUDIO010', 'Clarinet', 1, 3, 1, '2023-01-24 14:00:00', 'Folk', 10, 'Individual', 'Beginner'),
(11, 'STUDIO011', 'Bass Guitar', 2, 4, 2, '2023-01-25 10:00:00', 'Rock', 11, 'Group', 'Intermediate'),
(12, 'STUDIO012', 'Oboe', 3, 6, 4, '2023-01-26 11:00:00', 'Classical', 12, 'Ensemble', 'Advanced'),
(13, 'STUDIO013', 'Viola', 1, 4, 2, '2023-01-27 12:00:00', 'Jazz', 13, 'Individual', 'Beginner'),
(14, 'STUDIO014', 'Trombone', 2, 5, 3, '2023-01-28 13:00:00', 'Blues', 14, 'Group', 'Intermediate'),
(15, 'STUDIO015', 'French Horn', 2, 4, 3, '2023-01-29 14:00:00', 'Classical', 15, 'Ensemble', 'Advanced'),
(16, 'STUDIO016', 'Accordion', 1, 3, 5, '2023-01-30 10:00:00', 'Folk', 16, 'Individual', 'Beginner'),
(17, 'STUDIO017', 'Bagpipes', 2, 4, 2, '2023-01-31 11:00:00', 'Rock', 17, 'Group', 'Intermediate'),
(18, 'STUDIO018', 'Banjo', 3, 6, 4, '2023-02-01 12:00:00', 'Classical', 18, 'Ensemble', 'Advanced'),
(19, 'STUDIO019', 'Mandolin', 1, 4, 6, '2023-02-02 10:00:00', 'Rock', 19, 'Group', 'Intermediate'),
(20, 'STUDIO020', 'Viola', 1, 4, 5, '2023-02-03 09:00:00', 'Rock', 20, 'Group', 'Intermediate');

INSERT INTO student_lesson (student_id, lesson_id) VALUES
(1, 1),
(2, 2),
(3, 3),
(4, 4),
(5, 5),
(6, 6),
(7, 7),
(8, 8),
(9, 9),
(10, 10),
(11, 11),
(12, 12),
(13, 13),
(14, 14),
(15, 15),
(16, 16),
(17, 17),
(18, 18),
(19, 19),
(20, 20);

INSERT INTO lesson_teaches (instructor_id, lesson_id) VALUES
(1, 21), (1, 22), (1, 23), 
(2, 24), (2, 25), (2, 26), 
(3, 27), (3, 28), (3, 29), 
(4, 30), (4, 31), (4, 32), 
(5, 33), (5, 34), (5, 35), 
(6, 36), (6, 37), (6, 38), 
(7, 39), (7, 40), (7, 18),  
(8, 17), (8, 16), (8, 15),  
(9, 14), (9, 13), (9, 12),  
(10, 11), (10, 10), (10, 9), 
(11, 8), (11, 7), (11, 6),   
(12, 5), (12, 4), (12, 3),   
(13, 2), (13, 1), (13, 20), 
(14, 19), (14, 18), (14, 17),  
(15, 16), (15, 15), (15, 14),
(16, 13), (16, 12), (16, 11),  
(17, 10), (17, 9), (17, 8);   


INSERT INTO rent_instrument (instrument_id, rental_start, rental_end, student_id) VALUES
(1, '2023-01-01 09:00:00', '2023-01-15 09:00:00', 1),
(2, '2023-01-02 09:00:00', '2023-01-16 09:00:00', 2),
(3, '2023-01-03 09:00:00', '2023-01-17 09:00:00', 3),
(4, '2023-01-04 09:00:00', '2023-01-18 09:00:00', 4),
(5, '2023-01-05 09:00:00', '2023-01-19 09:00:00', 5),
(6, '2023-01-06 09:00:00', '2023-01-20 09:00:00', 6),
(7, '2023-01-07 09:00:00', '2023-01-21 09:00:00', 7),
(8, '2023-01-08 09:00:00', '2023-01-22 09:00:00', 8),
(9, '2023-01-09 09:00:00', '2023-01-23 09:00:00', 9),
(10, '2023-01-10 09:00:00', '2023-01-24 09:00:00', 10),
(11, '2023-01-11 09:00:00', '2023-01-25 09:00:00', 11),
(12, '2023-01-12 09:00:00', '2023-01-26 09:00:00', 12),
(13, '2023-01-13 09:00:00', '2023-01-27 09:00:00', 13),
(14, '2023-01-14 09:00:00', '2023-01-28 09:00:00', 14),
(15, '2023-01-15 09:00:00', '2023-01-29 09:00:00', 15),
(16, '2023-01-16 09:00:00', '2023-01-30 09:00:00', 16),
(17, '2023-01-17 09:00:00', '2023-01-31 09:00:00', 17),
(18, '2023-01-18 09:00:00', '2023-02-01 09:00:00', 18),
(19, '2023-01-19 09:00:00', '2023-02-02 09:00:00', 19),
(20, '2023-01-20 09:00:00', '2023-02-03 09:00:00', 20);


INSERT INTO "sibling" ("student_id", "sibling_id") VALUES
(1, 2),
(1, 3),
(1, 4),  
(2, 1),
(2, 3),  
(3, 1),  
(5, 6),
(5, 7),  
(6, 5), 
(7, 5),  
(8, 9),  
(9, 8), 
(10, 11), 
(11, 10), 
(12, 13),
(12, 14), 
(13, 12), 
(14, 12), 
(15, 16),
(15, 17),
(15, 18), 
(16, 15), 
(17, 15), 
(18, 15); 
